smass,color,sSFR,radius
8.750007354374436,-0.2969207763671875,-16.276827624198663,0.0550551976938507
12.576932029508034,1.2280044555664062,-8.308599450172025,2.180462057701834
