smass,color,sSFR,radius
0.9726898230929268,0.9760713043287463,0.9772641358182856,0.8853959680762052
